Topic	Count	Name	Representation
-1	60390	-1_temps_yeux_tête_femme	['temps', 'yeux', 'tête', 'femme', 'chose', 'voix', 'porte', 'fit', 'air', 'voir']
0	1820	0_pouvais_sentais_savais_mère	['pouvais', 'sentais', 'savais', 'mère', 'porte', 'temps', 'chose', 'voyais', 'père', 'corps']
1	1113	1_jirel_yeux_visage_corps	['jirel', 'yeux', 'visage', 'corps', 'lumière', 'eau', 'cheveux', 'femme', 'tête', 'jambes']
2	895	2_dis_pouvais_chose_savais	['dis', 'pouvais', 'chose', 'savais', 'yeux', 'mère', 'voulais', 'tête', 'envie', 'voir']
3	889	3_corps_yeux_visage_mains	['corps', 'yeux', 'visage', 'mains', 'tête', 'coup', 'jambes', 'fit', 'gauche', 'cheveux']
4	753	4_docteur_médecin_dr_infirmière	['docteur', 'médecin', 'dr', 'infirmière', 'clinique', 'régine', 'malade', 'hôpital', 'lherbier', 'médecins']
5	518	5_bateau_eau_navire_pont	['bateau', 'eau', 'navire', 'pont', 'poissons', 'vent', 'sable', 'bord', 'vagues', 'coque']
6	507	6_chiens_kehlweiler_akrèn_animal	['chiens', 'kehlweiler', 'akrèn', 'animal', 'porte', 'tête', 'bête', 'sukie', 'yeux', 'dogtinder']
7	476	7_planète_espace_cemp_terre	['planète', 'espace', 'cemp', 'terre', 'planètes', 'beyle', 'silkies', 'vaisseau', 'système', 'orbite']
8	431	8_mère_savait_père_ans	['mère', 'savait', 'père', 'ans', 'femme', 'aimait', 'jour', 'voulait', 'faisait', 'enfants']
9	388	9_voiture_route_chauffeur_camion	['voiture', 'route', 'chauffeur', 'camion', 'volant', 'voitures', 'véhicule', 'conducteur', 'arrière', 'portière']
10	366	10_murs_château_fenêtres_mur	['murs', 'château', 'fenêtres', 'mur', 'étage', 'porte', 'maison', 'rue', 'entrée', 'maisons']
11	359	11_cigarette_cigarettes_fumée_tabac	['cigarette', 'cigarettes', 'fumée', 'tabac', 'paquet', 'fume', 'fumer', 'alluma', 'dis', 'cigare']
12	350	12_livre_livres_littérature_auteur	['livre', 'livres', 'littérature', 'auteur', 'écrire', 'écrivain', 'œuvre', 'écrit', 'lecteur', 'lire']
13	320	13_bureau_police_femme_heures	['bureau', 'police', 'femme', 'heures', 'porte', 'commissaire', 'téléphone', 'demanda', 'secrétaire', 'lettre']
14	266	14_mariage_épouser_femme_divorce	['mariage', 'épouser', 'femme', 'divorce', 'veux', 'enfants', 'mariés', 'besoin', 'épouse', 'mieux']
15	256	15_catlin_dieux_chinois_bronzes	['catlin', 'dieux', 'chinois', 'bronzes', 'tzu', 'congrès', 'qin', 'lusitania', 'flotte', 'démosthène']
16	253	16_arbres_arbre_forêt_fleurs	['arbres', 'arbre', 'forêt', 'fleurs', 'feuilles', 'branches', 'plantes', 'terre', 'racines', 'champignons']
17	230	17_calife_tèmudjin_maître_abassa	['calife', 'tèmudjin', 'maître', 'abassa', 'djamouqa', 'qasar', 'toghril', 'palais', 'kèrèit', 'merkit']
18	222	18_bataillon_biên_diên biên_diên	['bataillon', 'biên', 'diên biên', 'diên', 'viets', 'parachutistes', 'compagnie', 'lieutenant', 'légionnaires', 'pc']
19	218	19_desprats_cité_appartement_garlonne	['desprats', 'cité', 'appartement', 'garlonne', 'séréna', 'ostrer', 'vraiment', 'wishman', 'demanda', 'regarde']
20	216	20_allemands_français_russes_armée	['allemands', 'français', 'russes', 'armée', 'française', 'général', 'allemand', 'lacenaire', 'révolution', 'ministre']
21	214	21_mort_humains_âme_faut	['mort', 'humains', 'âme', 'faut', 'vivre', 'chose', 'humanité', 'science', 'êtres', 'société']
22	208	22_mère_père_parents_dis	['mère', 'père', 'parents', 'dis', 'veux', 'enfants', 'besoin', 'faucon', 'choses', 'ans']
23	181	23_jésus_objets objets_seigneur_dieux	['jésus', 'objets objets', 'seigneur', 'dieux', 'kernik', 'père', 'jérusalem', 'maligou', 'objets', 'prêtre']
24	169	24_seagull_moonbird_oiseau_ailes	['seagull', 'moonbird', 'oiseau', 'ailes', 'skiz', 'birdlip', 'oiseaux', 'baccarat', 'dragon', 'insecte']
25	155	25_tibbie_diggan_miramonte_abuelita	['tibbie', 'diggan', 'miramonte', 'abuelita', 'soso', 'rawley', 'valoria', 'huff', 'ganaderia', 'mexicain']
26	148	26_train_gare_voyageurs_métro	['train', 'gare', 'voyageurs', 'métro', 'quai', 'wagons', 'wagon', 'station', 'trains', 'compartiment']
27	145	27_étrangleur_morganna_cass_kantana	['étrangleur', 'morganna', 'cass', 'kantana', 'devane', 'yassif', 'pygmées', 'brauxton', 'lieutenant', 'femme']
28	143	28_commissaire_dancourt_inspecteur_police	['commissaire', 'dancourt', 'inspecteur', 'police', 'fassio', 'policier', 'enquête', 'boulle', 'dab', 'shérif']
29	141	29_michèle_braden_usine_armstead	['michèle', 'braden', 'usine', 'armstead', 'caporal', 'technic', 'fuentès', 'trader', 'makaire bleu', 'makaire']
30	140	30_kif_pyanfar_jik_sikkukkut	['kif', 'pyanfar', 'jik', 'sikkukkut', 'hakkikt', 'mahendo', 'dieux', 'chanur', 'hilfy', 'haral']
31	130	31_brumbaugh_bétail_ranch_seccombe	['brumbaugh', 'bétail', 'ranch', 'seccombe', 'venneford', 'betteraves', 'centennial', 'éleveurs', 'terre', 'skimmerhorn']
32	130	32_lieutenant_capitaine_cops_commandant	['lieutenant', 'capitaine', 'cops', 'commandant', 'officier', 'chef', 'sanselme', 'général', 'fantin', 'gouverneur']
33	128	33_femmes_femme_hommes_conaire	['femmes', 'femme', 'hommes', 'conaire', 'amazones', 'veux', 'faut', 'mecs', 'féministes', 'filles']
34	128	34_avocat_procès_jurés_tribunal	['avocat', 'procès', 'jurés', 'tribunal', 'président', 'magistrat', 'affaire', 'audience', 'step', 'témoin']
35	120	35_porte_escalier_marches_ascenseur	['porte', 'escalier', 'marches', 'ascenseur', 'baher', 'ouvrit', 'couloir', 'mur', 'corridor', 'immeuble']
36	116	36_walt_hôpital_police_demanda	['walt', 'hôpital', 'police', 'demanda', 'phéronomes', 'triss', 'fit', 'type', 'regarda', 'murmura']
37	111	37_clément_bejardy_sécateur_brossier	['clément', 'bejardy', 'sécateur', 'brossier', 'pouchet', 'type', 'tchik', 'vandoosler', 'vauquer', 'bonnot']
38	107	38_bouteille_sukie_verre_bière	['bouteille', 'sukie', 'verre', 'bière', 'bouteilles', 'tooley', 'verres', 'boire', 'alcool', 'table']
39	106	39_président_rossinante_ministre_darnish	['président', 'rossinante', 'ministre', 'darnish', 'hulvey', 'gouverneur', 'présidente', 'politique', 'packer', 'busheïn']
40	99	40_aimer_frédi_fouldroule_veux	['aimer', 'frédi', 'fouldroule', 'veux', 'amoureuse', 'dis', 'vivre', 'sentiments', 'tooley', 'cœur']
41	96	41_redcloud_jiggs_navajo_zhdanov	['redcloud', 'jiggs', 'navajo', 'zhdanov', 'mère', 'weaver', 'mister jiggs', 'sourire', 'indienne', 'vieille']
42	95	42_chambers_scorpion_barlow_léonid	['chambers', 'scorpion', 'barlow', 'léonid', 'prit', 'désir', 'veux', 'voulut', 'chambre', 'voiture']
43	93	43_nessie_brockmeier_plani_matthews	['nessie', 'brockmeier', 'plani', 'matthews', 'sonar', 'finch', 'inverness', 'regarda', 'objet', 'chambre']
44	92	44_dollars_veux_banque_millions	['dollars', 'veux', 'banque', 'millions', 'somme', 'schots', 'payer', 'demande', 'frais', 'leonards']
45	91	45_glace_vent_froid_glacé	['glace', 'vent', 'froid', 'glacé', 'flocons', 'vent glacé', 'tempête', 'nuit', 'woji', 'traces']
46	89	46_gretly_nichols_winesong_géraldine	['gretly', 'nichols', 'winesong', 'géraldine', 'bouloche', 'loney', 'snow', 'newcastle', 'cauldron', 'convent']
47	88	47_rhada_prisko_djinnih_soldat	['rhada', 'prisko', 'djinnih', 'soldat', 'nomade', 'tribu', 'camions', 'yané', 'boïdus', 'nomades']
48	87	48_chats_cathau_cabusse_animal	['chats', 'cathau', 'cabusse', 'animal', 'lorque', 'yeux', 'gahl', 'catlin', 'gold', 'torpille']
49	86	49_heures_demain_semaine_pouvais	['heures', 'demain', 'semaine', 'pouvais', 'matin', 'viens', 'heure', 'choses', 'valupeyk', 'apporte traductions']
50	85	50_radley_matthews_mère_raventhorpe	['radley', 'matthews', 'mère', 'raventhorpe', 'fit', 'bowland', 'ravensdale', 'garçons', 'oddie', 'vacances']
51	82	51_andré_edmée_méry_andrek	['andré', 'edmée', 'méry', 'andrek', 'félicien', 'gosses', 'gosse', 'andré regarda', 'demanda andré', 'couillon']
52	81	52_mcginnis_mme_shamus_femme	['mcginnis', 'mme', 'shamus', 'femme', 'sénateur', 'prit', 'irlandais', 'mme manchester', 'lança', 'lèvres']
53	80	53_meurtre_assassin_dover bowers_bowers	['meurtre', 'assassin', 'dover bowers', 'bowers', 'meurtrier', 'dover', 'crime', 'thayer', 'criminel', 'baumann']
54	78	54_professeur_école_élèves_étudiants	['professeur', 'école', 'élèves', 'étudiants', 'lycée', 'classe', 'professeurs', 'fredrika', 'année', 'étudiant']
55	77	55_chrétiens_turcs_soldats_soldats chrétiens	['chrétiens', 'turcs', 'soldats', 'soldats chrétiens', 'hommes', 'pèlerins', 'fleuve', 'père ascelin', 'ascelin', 'troupes']
56	76	56_éditions_igr 10_igr_fiction	['éditions', 'igr 10', 'igr', 'fiction', 'inédit', 'science fiction', 'marabout', '10', 'traduction française', 'collection']
57	75	57_neille_keys_weller_murmura	['neille', 'keys', 'weller', 'murmura', 'moxo', 'riposta', 'steinhardt', 'vraiment', 'regarda', 'colère']
58	75	58_peinture_peintre_tableaux_peintres	['peinture', 'peintre', 'tableaux', 'peintres', 'artiste', 'peindre', 'portrait', 'tableau', 'œuvres', 'malmora']
59	73	59_sénateur_larkspur_kinkaid_khazar	['sénateur', 'larkspur', 'kinkaid', 'khazar', 'chérie', 'mère', 'tchartoff', 'daldrin', 'père', 'garçon']
60	72	60_verre_verres_boire_pudding	['verre', 'verres', 'boire', 'pudding', 'mme cipolla', 'cipolla', 'tasse', 'thé', 'grindley', 'irène']
61	67	61_yudel_weizmann_majola_thandi	['yudel', 'weizmann', 'majola', 'thandi', 'boutique', 'nieuwenhuysen', 'hymie', 'muntu', 'yudel savait', 'johannesburg']
62	67	62_danfield_femme_murmura_regard	['danfield', 'femme', 'murmura', 'regard', 'présent', 'désir', 'compagnon', 'lorsqu', 'colère', 'compagne']
63	67	63_hulann_kanin_corps_construct	['hulann', 'kanin', 'corps', 'construct', 'fouldroule', 'couleur', 'poils', 'calligraphe', 'yeux', 'stratten']
64	67	64_kg_gerfaut_pain_café	['kg', 'gerfaut', 'pain', 'café', 'bière', 'repas', 'salade', 'jambon', 'kaltz', 'secrétaire etat']
65	66	65_adèle_escudier_sourire_lèvres	['adèle', 'escudier', 'sourire', 'lèvres', 'littlefield', 'murmura', 'amoureux', 'bouche', 'doucement', 'yeux']
66	66	66_morsi_viking_saunders_déclara	['morsi', 'viking', 'saunders', 'déclara', 'spécimen', 'drakkar', 'magnusson', 'poitrine', 'tête', 'nei']
67	65	67_cheval_chevaux_djinnih_galop	['cheval', 'chevaux', 'djinnih', 'galop', 'cavalière', 'sabots', 'bagrin', 'cible', 'selle', 'banshee']
68	65	68_michaël_bogie_nouvelle orléans_orléans	['michaël', 'bogie', 'nouvelle orléans', 'orléans', 'bungalow', 'femme', 'casbah', 'pourtant', 'accident', 'porte']
69	64	69_whitewell_mariage_corla_métilde	['whitewell', 'mariage', 'corla', 'métilde', 'novinha', 'femme', 'lettre', 'cholen', 'allait', 'aimait']
70	63	70_baiser_lèvres_embrasser_murmura	['baiser', 'lèvres', 'embrasser', 'murmura', 'bouche', 'étreinte', 'désir', 'corps', 'qaasi', 'embrassa']
71	63	71_agnès_gimlet_sœur_intermezzo	['agnès', 'gimlet', 'sœur', 'intermezzo', 'pouvais', 'dis', 'lorenzaccio', 'montre', 'élèves', 'voulais']
72	63	72_juifs_juif_israël_rabbi	['juifs', 'juif', 'israël', 'rabbi', 'raverdy', 'rabbin', 'juive', 'israël raverdy', 'egypte', 'hérode']
73	61	73_baroda_jath_jath baroda_moscou	['baroda', 'jath', 'jath baroda', 'moscou', 'chryse', 'vodka', 'tabasco', 'comlink', 'hallingkar', 'adichka']
74	59	74_freetime_gwener_ostrogot_pouvais	['freetime', 'gwener', 'ostrogot', 'pouvais', 'madère', 'aperth', 'savais', 'exéquateur', 'regardé', 'murillo']
75	59	75_finch_quince_tibbett_goodman	['finch', 'quince', 'tibbett', 'goodman', 'smeed', 'macey', 'hamstone', 'inspecteur', 'bingham', 'commissaire']
76	59	76_sandorf_nadiège_stéphane_owemberg	['sandorf', 'nadiège', 'stéphane', 'owemberg', 'précepteur', 'winsky', 'régent', 'volnie', 'astianof', 'pétrow']
77	59	77_hallingkar_poona_pd_daïren	['hallingkar', 'poona', 'pd', 'daïren', 'mmi', 'uelil', 'félicien', 'planteur', 'jumbo', 'œufs œufs']
78	59	78_abri_flanagan_murmura_toit	['abri', 'flanagan', 'murmura', 'toit', 'maisonnette', 'demanda', 'cabane', 'lorsqu', 'envie', 'bière']
79	59	79_brago_gato_rutledge_tombstone	['brago', 'gato', 'rutledge', 'tombstone', 'cheval', 'rancho', 'ranch', 'gato negro', 'negro', 'cass']
80	57	80_cutter_skidmore_greenville_sœur	['cutter', 'skidmore', 'greenville', 'sœur', 'vaches', 'argyle', 'écurie', 'indemnité', 'bêtes', 'femme']
81	56	81_chambre_marylène_porte_joëlle	['chambre', 'marylène', 'porte', 'joëlle', 'nuit', 'cuisine', 'sommeil', 'réveilla', 'bruit', 'ouvrit']
82	55	82_manilo_corrio_viételli_hanse	['manilo', 'corrio', 'viételli', 'hanse', 'ommach', 'desprats', 'halter', 'cité', 'ostrer', 'regarde']
83	55	83_rhéa_devlin_kilconnell_bouviers	['rhéa', 'devlin', 'kilconnell', 'bouviers', 'cessna', 'rhéa cormack', 'maclver', 'cormack', 'voulait', 'sébastian']
84	54	84_ingold_lohiro_sorcier_ténébreux	['ingold', 'lohiro', 'sorcier', 'ténébreux', 'archimage', 'quo', 'bâton', 'vieil', 'lngold', 'sorciers']
85	53	85_cerveau_cerveaux_système_transplantation	['cerveau', 'cerveaux', 'système', 'transplantation', 'intelligence', 'organique', 'synapses', 'anticorps', 'cellules', 'organes']
86	53	86_persval_clergyman_hellroy_thuriot	['persval', 'clergyman', 'hellroy', 'thuriot', 'twern', 'parrish', 'garrec', 'devait', 'amis scientes', 'whit']
87	52	87_beeding_répondit_sûre_répliqua	['beeding', 'répondit', 'sûre', 'répliqua', 'robe', 'femme', 'mère', 'kellogg', 'dîner', 'hôtesse']
88	52	88_guitare_musique_madé_piano	['guitare', 'musique', 'madé', 'piano', 'danse', 'jarisme', 'musiciens', 'orchestre', 'salieri', 'watch']
89	52	89_miloz_ambassadeur_pepperdine_rembrandt	['miloz', 'ambassadeur', 'pepperdine', 'rembrandt', 'voix', 'caria', 'sourire', 'desprès', 'jansen', 'demanda']
90	51	90_yudel_ptorn_crack_bross	['yudel', 'ptorn', 'crack', 'bross', 'weizmann', 'rooney', 'chapeau pardessus', 'aamma', 'allez', 'sadève']
91	51	91_terrasse_cemp_jern_townsend	['terrasse', 'cemp', 'jern', 'townsend', 'savait', 'pyaung', 'piège', 'affer', 'nollet', 'images']
92	49	92_scalia_courcelles_camping_exclama	['scalia', 'courcelles', 'camping', 'exclama', 'assura', 'demanda', 'congrès', 'clinique', 'bureau accueil', 'caravane']
93	49	93_regarda_fit_campement_ciré	['regarda', 'fit', 'campement', 'ciré', 'répondit', 'chandail', 'pistolet', 'demanda', 'fileni', 'poncho']
94	49	94_mélanie_cartolucci_père_enquête	['mélanie', 'cartolucci', 'père', 'enquête', 'dossier', 'police', 'voiture', 'mathers', 'bureau', 'scandura']
95	48	95_burrow_merriman_manoir_developers	['burrow', 'merriman', 'manoir', 'developers', 'atlantic developers', 'atlantic', 'barkeley', 'waters', 'domaine', 'rand']
96	48	96_akrèn_ennian_gogleth_nédan	['akrèn', 'ennian', 'gogleth', 'nédan', 'taor', 'sieur', 'rojfessa', 'chaman', 'baltagui', 'dogmæl']
97	47	97_bébé_mariage_femme_walsh	['bébé', 'mariage', 'femme', 'walsh', 'cœur', 'baiser', 'tendrement', 'ventre', 'larmes', 'répéta']
98	45	98_incendiaire_émission_michaëls_palm beach	['incendiaire', 'émission', 'michaëls', 'palm beach', 'palm', 'beach', 'présent', 'besoin', 'policier', 'voulait']
99	45	99_corps_âmâme_corps ouvriers_capitano	['corps', 'âmâme', 'corps ouvriers', 'capitano', 'tenues', 'visages', 'jakt', 'vivants', 'âme', 'objets']
100	45	100_howe_aveyard_constable_poulain	['howe', 'aveyard', 'constable', 'poulain', 'foote', 'colliers', 'assistant shérif', 'superintendent', 'knep', 'régisseur']
101	45	101_porte_escalier_chambre_ouvrit	['porte', 'escalier', 'chambre', 'ouvrit', 'murdoch', 'skidmore', 'étage', 'aimée', 'femme', 'cuisine']
102	44	102_tatav_luda_jov_rakoff	['tatav', 'luda', 'jov', 'rakoff', 'harmonium', 'buissonnets', 'lunora', 'bossard', 'crés', 'réfectoire']
103	43	103_bataillon_pc_viets_légionnaires	['bataillon', 'pc', 'viets', 'légionnaires', 'bigeard', 'artillerie', 'lieutenant', 'langlais', 'assaut', 'officiers']
104	43	104_krug_watchman_krug krug_spaulding	['krug', 'watchman', 'krug krug', 'spaulding', 'androïdes', 'vargas', 'transmat', 'alphas', 'androïde', 'cuve']
105	43	105_papier_cagliostro_farmer_titre	['papier', 'cagliostro', 'farmer', 'titre', 'audiat', 'titres', 'journal', 'journaux', 'yudel', 'écriture']
106	42	106_riant_chandail_retourna_fit	['riant', 'chandail', 'retourna', 'fit', 'ciseaux', 'sourit', 'souffla', 'ramassa', 'embrassa', 'rire']
107	42	107_musiciens_baroda_musique_houwa	['musiciens', 'baroda', 'musique', 'houwa', 'velasquo', 'chef piste', 'tables', 'sanguinetto', 'orchestre', 'harid']
108	42	108_rue_ansart_boulevard_café	['rue', 'ansart', 'boulevard', 'café', 'hôtel', 'soir', 'himes', 'quartier', 'tournon', 'restaurant']
109	42	109_archim_gouvernement_politique_aragonès	['archim', 'gouvernement', 'politique', 'aragonès', 'senfout', 'général', 'edijha', 'parti', 'beyle', 'japcase']
110	42	110_sindbad_hardesty_foxgrove_geste	['sindbad', 'hardesty', 'foxgrove', 'geste', 'regard', 'écuries', 'sourire', 'phéronomes', 'deluth', 'cheval']
111	41	111_jument_femme_deaton_geste	['jument', 'femme', 'deaton', 'geste', 'voulait', 'grange', 'regard', 'pourtant', 'sentait', 'cœur']
112	41	112_père_rendall_sambro_enfants	['père', 'rendall', 'sambro', 'enfants', 'certificat naissance', 'péché', 'classe', 'naissance', 'parents', 'mère']
113	41	113_sammel_larkin_bartell_darryn	['sammel', 'larkin', 'bartell', 'darryn', 'wyndom', 'machine', 'machine remonter', 'machine remonter temps', 'sentit', 'remonter temps']
114	40	114_étang_sills_80 100_mots croisés	['étang', 'sills', '80 100', 'mots croisés', 'ans', 'irthia', 'enfermé', 'deucalio', 'mue', 'wishman']
115	40	115_bascus_madu_bailea_flic	['bascus', 'madu', 'bailea', 'flic', 'police', 'vagabond', 'mellors', 'haymann', 'policier', 'cruiser']
116	39	116_catlin_bronzes_qin_donnel	['catlin', 'bronzes', 'qin', 'donnel', 'danner', 'taïwan', 'conducteur qin', 'oncle', 'conducteur', 'chinois']
117	38	117_odeur_odeurs_parfum_gozals	['odeur', 'odeurs', 'parfum', 'gozals', 'parfums', 'biltine', 'petitjean', 'sunapee', 'ivresse', 'souvenirs']
118	38	118_skinner_demande_huncie_dis	['skinner', 'demande', 'huncie', 'dis', 'veux', 'muirhead', 'pickering', 'anglaises', 'cloques', 'quelqu']
119	38	119_sugar_mattone_rizzio_pepper	['sugar', 'mattone', 'rizzio', 'pepper', 'froggy', 'mastragos', 'rizzio mattone', 'regarde', 'renner', 'winchester']
120	38	120_edmée_andré_consul_andré edmée	['edmée', 'andré', 'consul', 'andré edmée', 'bonnard', 'masselot', 'shanghaï', 'arquebuse', 'dorigen', 'styron']
121	38	121_clones_valleroy_génétique_génération	['clones', 'valleroy', 'génétique', 'génération', 'walt', 'gène', 'simes', 'gènes', 'pno', 'bactérie']
122	37	122_jambon_angèle_pain_raphaël	['jambon', 'angèle', 'pain', 'raphaël', 'légumes', 'affaire rèche', 'buizeness', 'steack poivre', 'mimizan', 'frites']
123	37	123_pistolet_revolver_skinner_balle	['pistolet', 'revolver', 'skinner', 'balle', 'carpenter', 'balles', 'calendar', 'baule', '45', 'bronski']
124	37	124_byram_accident_police_suicide	['byram', 'accident', 'police', 'suicide', 'suicidée', 'affee', 'whitcomb', 'enquête', 'conduisait', 'amersham']
125	37	125_avion_pilote_réacteurs_atterrissage	['avion', 'pilote', 'réacteurs', 'atterrissage', 'appareil', 'vitesse', 'hile', 'parachute', 'kilomètres', 'moteurs']
126	36	126_zorro nap_zorro_nap_calacan	['zorro nap', 'zorro', 'nap', 'calacan', 'tyran', 'faucon', 'sammel', 'torrez', 'syncope', 'réparaz']
127	36	127_mélissa_prénom_mcclain_mlle	['mélissa', 'prénom', 'mcclain', 'mlle', 'shipka', 'père', 'guinevère', 'voudrais', 'sourire', 'midi']
128	36	128_valérie_granget_archiduc_cécile	['valérie', 'granget', 'archiduc', 'cécile', 'sernine', 'françois', 'cyllirie', 'michèle', 'pierrou', 'thérèse']
129	36	129_shakespeare_carnivore_nicodème_limaces	['shakespeare', 'carnivore', 'nicodème', 'limaces', 'frédi', 'macbeth', 'crâne shakespeare', 'sentier', 'représentation', 'tubulure']
130	36	130_raphaële_oxan_cantor_vorst	['raphaële', 'oxan', 'cantor', 'vorst', 'donofrio', 'roditis', 'galettes', 'markusby', 'log', 'ethéré']
131	35	131_dumire_shérif_beckford_gribben	['dumire', 'shérif', 'beckford', 'gribben', 'morrington', 'smithtown', 'stringer', 'smiley', 'bernstein', 'découpeur']
132	35	132_cury_standish_cité_finch	['cury', 'standish', 'cité', 'finch', 'leader', 'wil', 'steiner', 'dieux', 'envahisseur', 'lire']
133	35	133_route_kilomètres_arbres_autoroute	['route', 'kilomètres', 'arbres', 'autoroute', 'voiture', 'chauffeur', 'récifs', 'ennian', 'paysage', 'pont']
134	34	134_torrez_paquelin_lanquetot_steinhardt	['torrez', 'paquelin', 'lanquetot', 'steinhardt', 'mme aubertet', 'felden', 'commissaire', 'teal', 'quertier', 'voiture']
135	34	135_bross_battysens_weller_szimak	['bross', 'battysens', 'weller', 'szimak', 'carenheim', 'népo', 'charboll', 'solnès', 'citizen', 'vinkler']
136	34	136_carnivore_nicodème_shakespeare_viande	['carnivore', 'nicodème', 'shakespeare', 'viande', 'bête', 'azna', 'tunnel', 'étang', 'serpent mâle', 'limaces']
137	33	137_garçon_regard_soudain_norwood	['garçon', 'regard', 'soudain', 'norwood', 'parles', 'femme', 'vraiment', 'rentrer', 'jalouses', 'vivre père']
138	33	138_élèves_dodd_moss_néfar	['élèves', 'dodd', 'moss', 'néfar', 'andouillette', 'surveillante', 'classe', 'lacayo', 'école', 'danaëlle']
139	33	139_ordinateur_écran_graceland_cassette	['ordinateur', 'écran', 'graceland', 'cassette', 'créature', 'sammel', 'machines', 'grandis', 'furst', 'ordinateurs']
140	33	140_sss_nodles_système solaire_solaire	['sss', 'nodles', 'système solaire', 'solaire', 'mec', 'ver sable', 'système', 'ver', 'sphère bureau', 'incultes']
141	33	141_centenier_tombaugh_épée_avancement	['centenier', 'tombaugh', 'épée', 'avancement', 'attendais', 'forestier', 'béatrix', 'mort sépare', 'hegel', 'grayswandir']
142	33	142_fleurs_sénateur_régine_stauminaup	['fleurs', 'sénateur', 'régine', 'stauminaup', 'feuilles', 'noires', 'boutons mandarins', 'jaunes', 'mme matchett', 'piscine']
143	33	143_frédi_grundwig_théâtre_administrateur	['frédi', 'grundwig', 'théâtre', 'administrateur', 'mme grundwig', 'acteur', 'banquier', 'danemark', 'ophélie', 'voiture']
144	33	144_beecher_heap_sukie_tabora	['beecher', 'heap', 'sukie', 'tabora', 'dogtinder', 'garnel', 'filby', 'yor', 'tribling', 'aérol']
145	32	145_fédor_plani_objet_flocon	['fédor', 'plani', 'objet', 'flocon', 'pettigrew', 'demander', 'poissons', 'mme wilkins', 'envie', 'œil moscou']
146	32	146_film_pubs_weller_cinéma	['film', 'pubs', 'weller', 'cinéma', 'producteur', 'cinématographique', 'chameau', 'tournage', 'publicité', 'bailor']
147	32	147_knudsen_quade_thayer_boland	['knudsen', 'quade', 'thayer', 'boland', 'silverdale', 'patients', 'chantier naval', 'naval', 'psychologue', 'demanda']
148	32	148_tenebrosa_amazones_amazone_comyn	['tenebrosa', 'amazones', 'amazone', 'comyn', 'terrienne', 'montray', 'margali', 'serment', 'hastur', 'guilde']
149	32	149_bayview_voiture_jaguar_disquette	['bayview', 'voiture', 'jaguar', 'disquette', 'voiture marron', 'osrek', 'wilcom', 'deely', 'ravisseurs', 'recouvré mémoire']
150	32	150_thérèse_françois_agnès_fiancé	['thérèse', 'françois', 'agnès', 'fiancé', 'lenno', 'épouser', 'joëlle', 'félicité', 'grenoble', 'mariage']
151	32	151_babyphone_mère_matrix_laviolette	['babyphone', 'mère', 'matrix', 'laviolette', 'enfants', 'carista', 'ommach', 'bébé', 'tokyo', 'lucides']
152	31	152_jourdaine_béni_oï_oï tîkî	['jourdaine', 'béni', 'oï', 'oï tîkî', 'tîkî', 'mamette', 'saurien', 'concourle', 'ibère', 'terango']
153	31	153_toronado_fusil_joker_pouvais	['toronado', 'fusil', 'joker', 'pouvais', 'teele', 'springfield', 'ramsès', 'regardé', 'revolver', 'salaud']
154	31	154_môle_chef informations_ïî_warum	['môle', 'chef informations', 'ïî', 'warum', 'mongolo', 'flugman', 'mlle dupré', 'tatav', 'valleroy', 'klyd']
155	31	155_ewell_gribben_ryker_sirany	['ewell', 'gribben', 'ryker', 'sirany', 'groberg', 'vialles', 'mme groberg', 'greenford', 'framley', 'brandshaft']
156	31	156_virus_descolada_quara_pequeninos	['virus', 'descolada', 'quara', 'pequeninos', 'virus descolada', 'lusitania', 'varelse', 'humains', 'tuer', 'pouvons']
157	31	157_treuffais_gardella_baher_boltover	['treuffais', 'gardella', 'baher', 'boltover', 'bledd', 'pennaroya', 'xerox', 'blackie', 'copeau', 'poniachet']
158	30	158_roditis_santoliquido_persona_noyés	['roditis', 'santoliquido', 'persona', 'noyés', 'dybbouk', 'oncle', 'transplantation', 'persona oncle', 'donahy', 'hoptère']
159	30	159_englemont_gisèle_table orientation_chambre	['englemont', 'gisèle', 'table orientation', 'chambre', 'garage face', 'avenue', 'kirschner', 'cartaud', 'baden', 'valise']
160	29	160_aimline_seel_daym_ramane	['aimline', 'seel', 'daym', 'ramane', 'gelleï', 'ezaelle', 'ramanes', 'parthène', 'uelil', 'scientes']
161	29	161_bateau_gee_twain_eau	['bateau', 'gee', 'twain', 'eau', 'shrimp', 'cabine', 'barque', 'quai', 'périclès', 'prisko']
162	29	162_link_ballon_touré_barge	['link', 'ballon', 'touré', 'barge', 'corson', 'espace', 'étoiles', 'delten', 'cylindre', 'dimension']
163	29	163_manson_piggot_betts_babcock	['manson', 'piggot', 'betts', 'babcock', 'beckford', 'broadwaters', 'sills', 'véranda', 'phosphore', 'docteur']
164	29	164_mclaren_jeb_selway_grenier	['mclaren', 'jeb', 'selway', 'grenier', 'couteau', 'arche', 'shirt', 'lianes', 'couteau boucher', 'ténèbres']
165	28	165_éthel_sarramanga_strondberg_vargas	['éthel', 'sarramanga', 'strondberg', 'vargas', 'motxoteguy', 'krug', 'moxo', 'vitti', 'remercieras', 'delassane']
166	28	166_butron_kœlman_quipuzcoa_ventrée	['butron', 'kœlman', 'quipuzcoa', 'ventrée', 'père', 'lycée', 'brossier', 'comptable', 'quille', 'commissaire boulle']
167	28	167_nizan_salignac_césar_arrezzi	['nizan', 'salignac', 'césar', 'arrezzi', 'béarnais', 'lettre', 'maître', 'setter', 'béarn', 'orléans']
168	27	168_weller_franker_steinhardt_formation	['weller', 'franker', 'steinhardt', 'formation', 'transformationalisme', 'dollars', 'institut', 'moniteurs', 'bailor', 'séances']
169	27	169_valleroy_klyd_médiateur_simes	['valleroy', 'klyd', 'médiateur', 'simes', 'zeor', 'hrel', 'sectuib', 'nashmar', 'tentacules', 'imil']
170	27	170_gerfaut_drakhane_koreh_jahol	['gerfaut', 'drakhane', 'koreh', 'jahol', 'méry', 'flaming', 'fumette', 'darche', 'branche', 'douairière']
171	27	171_brouet_castelard_faradi_panthère	['brouet', 'castelard', 'faradi', 'panthère', 'château', 'gamin', 'roquois', 'valérie', 'dauffrat', 'épaule']
172	27	172_boamiens_boamien_ghéridanisol_lovdale	['boamiens', 'boamien', 'ghéridanisol', 'lovdale', 'domologiste', 'maître witz', 'witz', 'possédés', 'monser', 'déase']
173	27	173_lefleur_nims_pepperdine_black elk	['lefleur', 'nims', 'pepperdine', 'black elk', 'elk', 'lindstrom', 'hamlin', 'boggins', 'lampe', 'incendie']
174	27	174_avion_aéroport_passeport_danois	['avion', 'aéroport', 'passeport', 'danois', 'sern', 'chacal', 'hôtesse', 'valise', 'kowalski', 'signor']
175	27	175_kryn_orionis_universelia_phénix	['kryn', 'orionis', 'universelia', 'phénix', 'pensants', 'oiseau', 'gahn', 'evguenir', 'joyau', 'tivali']
176	27	176_griff_wolverton_murmura_investisseur	['griff', 'wolverton', 'murmura', 'investisseur', 'maison', 'white springs', 'cave', 'clenche', 'lança coup œil', 'escalier']
177	26	177_choulon_hülle_méry_voix	['choulon', 'hülle', 'méry', 'voix', 'mulé', 'grosse bête', 'brockmeier', 'briancourt', 'parut', 'sûr']
178	26	178_neille_moor_trenchard_mme moor	['neille', 'moor', 'trenchard', 'mme moor', 'répliqua', 'dschang', 'virus', 'cuillère', 'mère', 'sonnerie retentit']
179	26	179_séréna_saylor_oncle_gramps	['séréna', 'saylor', 'oncle', 'gramps', 'atwood', 'townsend', 'frère suppôt', 'programmeur', 'hobart', 'suppôt']
180	26	180_camier_parapluie_camier veux_camier camier	['camier', 'parapluie', 'camier veux', 'camier camier', 'hélène', 'loin camier', 'omni', 'conaire', 'camier faut', 'agent']
181	26	181_valérie_film_granget_acteurs	['valérie', 'film', 'granget', 'acteurs', 'césars', 'citizen', 'acteur', 'espionnage', 'films', 'cinéma']
182	26	182_cio_mme albici_mlle siltanen_albici	['cio', 'mme albici', 'mlle siltanen', 'albici', 'allez', 'siltanen', 'caria', 'stepford', 'saw', 'etje']
183	25	183_miroul_mcfee_lestandi_bretonnet	['miroul', 'mcfee', 'lestandi', 'bretonnet', 'table', 'rue', 'préjean', 'ouais savait', 'lathrop', 'latin']
184	25	184_revue_polska_auteur_chauve	['revue', 'polska', 'auteur', 'chauve', 'kürz', 'nourissier', 'varsovie', 'amis', 'envierges', 'rue envierges']
185	25	185_prêtre_puymartin_père_haguet	['prêtre', 'puymartin', 'père', 'haguet', 'cabusse', 'vandoosler', 'général terrazas', 'terrazas', 'abbé', 'évêque']
186	25	186_khamal_kroll_vorton_kleinsmidt	['khamal', 'kroll', 'vorton', 'kleinsmidt', 'kegan', 'inspecteur', 'schulze', 'facteur', 'ponik', 'norsworthy']
187	25	187_delten_vorst_plani_shuan	['delten', 'vorst', 'plani', 'shuan', 'closter', 'kort', 'gitamorn', 'gitamorn suul', 'suul', 'fratri']
188	25	188_fœtus_embryon_sperme_mère	['fœtus', 'embryon', 'sperme', 'mère', 'ommach', 'bébé', 'bébés', 'mères', 'ventre mère', 'naître']
189	24	189_congrès_ansibles_planète_congrès stellaire	['congrès', 'ansibles', 'planète', 'congrès stellaire', 'stellaire', 'dieux', 'lusitania', 'vaisseau', 'configuration', 'ansible']
190	24	190_jé_humirs_mox_410	['jé', 'humirs', 'mox', '410', 'humoks', 'humir', 'gerkanol', 'organe', '1000', 'cos']
191	24	191_jalak_lolli_donjon_aamma	['jalak', 'lolli', 'donjon', 'aamma', 'minalde', 'snel', 'gisèle', 'faucon glace', 'arbrerocs', 'isambour']
192	24	192_whittaker_climpson_findlater_murbles	['whittaker', 'climpson', 'findlater', 'murbles', 'budge', 'wimsey', 'cropper', 'tante', 'crow beach', 'crow']
193	24	193_hansel_mongolo_brouet_castelard	['hansel', 'mongolo', 'brouet', 'castelard', 'valérie', 'brossier', 'gamin', 'javelin', 'hansel brouet', 'cécile']
194	24	194_gazol_méry_porte wagon_profitendieu	['gazol', 'méry', 'porte wagon', 'profitendieu', 'quai', 'zoé', 'caloub', 'fredrika', 'phébé', 'consul']
195	23	195_malaussène_corrençon_cercaire_dolgorouki	['malaussène', 'corrençon', 'cercaire', 'dolgorouki', 'zabo', 'majesté', 'stojilkovicz', 'thérèse', 'flic', 'ponthard']
196	23	196_bundo_salindi_marakunda_raphaël	['bundo', 'salindi', 'marakunda', 'raphaël', 'range rover', 'range', 'rover', 'matope', 'batari', 'trafiquants']
197	23	197_valleroy_talhael_twern_klyd	['valleroy', 'talhael', 'twern', 'klyd', 'zeor', 'nashmar', 'andle', 'talolahti', 'sihtric', 'helvin']
198	23	198_quade_bossard_docteur bossard_boland	['quade', 'bossard', 'docteur bossard', 'boland', 'docteur', 'michaël', 'heures demie', 'demie', 'cavendish', 'aveyard']
199	23	199_robot_jenkins_saïz_nicodème	['robot', 'jenkins', 'saïz', 'nicodème', 'félix', 'wazi', 'carnivore', 'couac', 'stimulateur', 'rhésus']
200	23	200_pilon_scellés_labatti_banque	['pilon', 'scellés', 'labatti', 'banque', 'quimby', 'mourier', 'banques', 'slater', 'percepteur', 'chèque']
201	23	201_harkness_kif_jarid_kokody	['harkness', 'kif', 'jarid', 'kokody', 'jath', 'darzir', '404', 'furst', 'cluster', 'diaspad']
202	23	202_tuée_carnets_crowley_violences	['tuée', 'carnets', 'crowley', 'violences', 'femme réelle', 'bigger', 'merde merde', 'assassinat', 'halsey', 'meurtre']
203	23	203_loose_électriques_musée_sern	['loose', 'électriques', 'musée', 'sern', 'rue', 'jallud', 'méduse musée', 'caravane', 'cires', 'lumière']
204	23	204_42_trafic_vicars_buick	['42', 'trafic', 'vicars', 'buick', 'led', 'pirate', 'led zeppelin', 'zeppelin', '42 crew', 'crew']
205	22	205_daïren_noé_hulann_froid	['daïren', 'noé', 'hulann', 'froid', 'ladier', 'skis', 'zeltran', 'lohiro', 'lanières cuir', 'naoli']
206	22	206_cheval_skiath_soso_jument	['cheval', 'skiath', 'soso', 'jument', 'appelle cheval', 'manilo', 'baulino', 'chevaux', 'marcheret', 'demné']
207	22	207_leaper_vêtements_irv_leviticus leaper	['leaper', 'vêtements', 'irv', 'leviticus leaper', 'leviticus', 'tenue', 'chemise', 'ganimard', 'canot', 'cravate']
208	22	208_moïse_bricoleur_curedent_josephson	['moïse', 'bricoleur', 'curedent', 'josephson', 'puits', 'fourmilière', 'acromégalique', 'dundas', 'broncos', 'moïse sourit']
209	22	209_clones_frères_garçons_persona	['clones', 'frères', 'garçons', 'persona', 'rivière', 'minoterie', 'regarda', 'vallée', 'groupe', 'acquiesça']
210	22	210_fleurs_bohrt_fleuve noir_orchidée	['fleurs', 'bohrt', 'fleuve noir', 'orchidée', 'pissenlit', 'cécile', 'portugais', 'mandahar', 'fouldroule', 'fleuve']
211	22	211_pianos_quade_nimier_cercueil	['pianos', 'quade', 'nimier', 'cercueil', 'cimetière', 'nabounassar', 'kraken', 'pigmy', 'fœtus', 'morts vivants']
212	22	212_français_langue_latin_participe	['français', 'langue', 'latin', 'participe', 'chanteloup', 'graffigny', 'grec', 'gabrièle', 'verbes', 'moros']
213	22	213_arbres pères_disent_arbres_lumière	['arbres pères', 'disent', 'arbres', 'lumière', 'loin mers', 'pères', 'sable', 'tajo', 'branches', 'arbre']
214	22	214_okawho_rédemption_edius_arbres	['okawho', 'rédemption', 'edius', 'arbres', 'mont', 'vent', 'temen', 'incidentes', 'guettes agiles', 'guettes']
215	21	215_mccully_mlle_mme mccully_1989	['mccully', 'mlle', 'mme mccully', '1989', 'futur', 'mountainview', '1862', 'prospecteurs', 'larmes', 'evers']
216	21	216_gomina_noël_sœur_kimball	['gomina', 'noël', 'sœur', 'kimball', 'sapin', 'baiser', 'caribou', 'dollars', 'skis', 'boule']
217	21	217_taplin_veysey_meurtre_siméonidis	['taplin', 'veysey', 'meurtre', 'siméonidis', 'assassin', 'prétendument', 'raphaël', 'coupable', 'docteur stratton', 'adèle']
218	21	218_sbire_noséné_télévision_télé	['sbire', 'noséné', 'télévision', 'télé', 'science noire', 'miramion', 'médias', 'pinocchio', 'science', 'étranges créatures']
219	21	219_adolescent_mccrae_déteste déteste_desjardins	['adolescent', 'mccrae', 'déteste déteste', 'desjardins', 'voir père', 'pendleton', 'père', 'déteste', 'agréablement narines', 'écouta femme']
220	21	220_quara_plikt_jakt_philotes	['quara', 'plikt', 'jakt', 'philotes', 'mirtin', 'novinha', 'mourir', 'propres', 'vaisseau', 'aiûa']
221	21	221_science_machines_scientifique_citizen	['science', 'machines', 'scientifique', 'citizen', 'scientifiques', 'antéchrist', 'heptangle', 'siècle', 'laboratoire', 'culturellement']
222	21	222_swigert_pilote_zawech_haise	['swigert', 'pilote', 'zawech', 'haise', 'selmer', 'module', 'module commande', 'szellam', 'szellam ghur', 'ghur']
223	21	223_gramps_temporelle_porte temporelle_épée	['gramps', 'temporelle', 'porte temporelle', 'épée', 'larmes montaient yeux', 'bataille', 'montaient yeux', 'larmes montaient', 'sudiste', 'tissu']
224	21	224_rhada_louange_prisko_terre	['rhada', 'louange', 'prisko', 'terre', 'vaisseau vide', 'inspecteur bertholet', 'fleuve', 'royaume', 'enfers', 'bertholet']
225	21	225_boccherini_schumann_musique_opéra	['boccherini', 'schumann', 'musique', 'opéra', 'orengo', 'malibran', 'théâtre', 'clown', 'bannister', 'géricault']
226	21	226_bruder_pensionnat_agrippale_enfance	['bruder', 'pensionnat', 'agrippale', 'enfance', 'cécile bruder', 'goulade', 'métro', 'rue', 'vieille', 'poules oies']
227	21	227_michaelson_krauch_smitty_purdy	['michaelson', 'krauch', 'smitty', 'purdy', 'comptoir', 'bateau', 'veux remarier', 'veux', 'serveuses', 'ecoute']
228	20	228_jedith_ottiz_farkie_jov	['jedith', 'ottiz', 'farkie', 'jov', 'addim', 'médaillon', 'jedith jedith', 'dup', 'alféo', 'lière']
229	20	229_planètes_étoiles_inédit_planète	['planètes', 'étoiles', 'inédit', 'planète', 'étoile', 'galaxie', 'terre', 'guérin', 'années lumière', 'seigneur kampaku']
230	20	230_dragon_dragons_monseigneur_moonbird	['dragon', 'dragons', 'monseigneur', 'moonbird', 'bouffon', 'malibor', 'zalzan kavol', 'zalzan', 'kavol', 'chèvre']
231	20	231_prentiss_mme prentiss_tempest_mme	['prentiss', 'mme prentiss', 'tempest', 'mme', 'géante', 'carrisbeck', 'parsons', 'mme parsons', 'mère', 'mme tempest']
232	20	232_bélugas_seal_eisley_avion	['bélugas', 'seal', 'eisley', 'avion', 'têtes', 'flocons avoine', 'lèvres', 'vancouver', 'île', 'éveiller']
233	20	233_orlo_lilgin_jodell_megara	['orlo', 'lilgin', 'jodell', 'megara', 'savants', 'dictateur', 'ishkrin', 'cité communications', 'higenroth', 'bylol']
234	20	234_natchez_pr hyssop_hyssop_edmonds	['natchez', 'pr hyssop', 'hyssop', 'edmonds', 'boire', 'bouteille', 'garrison', 'pr', 'penthotal', 'verre']
235	20	235_anelo_boule_santardi_maxmo	['anelo', 'boule', 'santardi', 'maxmo', 'boule anelo', 'coffre', 'fit boule', 'côté anelo', 'bière', 'musicos']
236	20	236_huile_panne_bricoleur_pouvez ignorer	['huile', 'panne', 'bricoleur', 'pouvez ignorer', 'étrave', 'panne externe', 'moteur', 'station', 'eboe', 'pression']
237	20	237_séréna_lordy_laveuglant_flox	['séréna', 'lordy', 'laveuglant', 'flox', 'defeckmann', 'kehlweiler', 'butron', 'masters', 'dobel', 'bitchy']
238	19	238_poupée_poupées_mauffat_greublis	['poupée', 'poupées', 'mauffat', 'greublis', 'libellule', 'jouets', 'alêne', 'titou', 'poupée poupée', 'gosses']
239	19	239_mme albici_knackbusch_terre sautées_pommes terre sautées	['mme albici', 'knackbusch', 'terre sautées', 'pommes terre sautées', 'albici', 'meubles', 'mcgowan', 'chambre', 'sautées', 'confrère']
240	19	240_delahaye_martinov_hélène_gourdel	['delahaye', 'martinov', 'hélène', 'gourdel', 'galerie', 'réparaz', 'rue amsterdam', 'dépôts consignations', 'consignations', 'caisse dépôts consignations']
241	19	241_olbram_peterborough_toilettes_lecture	['olbram', 'peterborough', 'toilettes', 'lecture', 'offre ténèbres', 'futur', 'présent', 'cœur', 'laraire', 'ténèbres']
242	19	242_flaming_commandante_cluster_furst	['flaming', 'commandante', 'cluster', 'furst', 'gondelor', 'katzenstein', 'mclasky', 'ismur', 'stengel', 'parapropulseur']
243	19	243_broehm_innid_copeau_raphaële	['broehm', 'innid', 'copeau', 'raphaële', 'innid brennen', 'brennen', 'viard', 'multimate', 'système noétique', 'feintes']
244	19	244_thackeray_strychnine_boulettes_glacière	['thackeray', 'strychnine', 'boulettes', 'glacière', 'bardot', 'cru allait frapper', 'parenthèse', 'chasse eau', 'lavigie', 'cadeau']
245	19	245_totor_costermann_raphaële_herth	['totor', 'costermann', 'raphaële', 'herth', 'benitez', 'club', 'chinois', 'henekeys', 'tables', '252']
246	18	246_andré_poupi_andré regardait_naples	['andré', 'poupi', 'andré regardait', 'naples', 'demanda andré', 'leçon tir', 'gosses', 'couillon', 'demanda', 'andré demanda']
247	18	247_jirel_talhael_lumière_jent	['jirel', 'talhael', 'lumière', 'jent', 'noiroir', 'splendeur', 'nuit', 'évariste', 'étoiles', 'tonnerre']
248	18	248_tokyo_nagisa_vois yeux_burano	['tokyo', 'nagisa', 'vois yeux', 'burano', 'cantrell', 'jungle', 'aimaina', 'kimura', 'japonais', 'yasujiro']
249	18	249_roches_broken_rivière_construction	['roches', 'broken', 'rivière', 'construction', 'minéraux', 'bâtiments', 'jent', 'vaisseau stellaire', 'granité', 'edmée']
250	17	250_candidats_équipe bleue_équipe_dargel	['candidats', 'équipe bleue', 'équipe', 'dargel', 'fiches', 'manganèse', 'garett', 'murgatroyd', 'tourna', 'tests']
251	17	251_sandorf_bélonie_tentes_temudjin	['sandorf', 'bélonie', 'tentes', 'temudjin', 'vaches', 'stéphane', 'rhada', 'chevaux', 'forêt', 'blancheur']
252	17	252_robe_oklie_broche_oklie dodds	['robe', 'oklie', 'broche', 'oklie dodds', 'sulie', 'dodds', 'bazelle', 'fermoirs', 'pull', 'etait']
253	17	253_baumann_shaughnessy_robilliard_bâte	['baumann', 'shaughnessy', 'robilliard', 'bâte', 'inspecteur byram', 'présidente', 'rencontrer', 'byram', 'wexford', 'cares']
254	17	254_cholly_breedlove_mutin mutant_bidule	['cholly', 'breedlove', 'mutin mutant', 'bidule', 'dis', 'connaissons', 'mort lente', 'frédéric', 'luge', 'mutin']
255	17	255_jingles_grecs_follet lait vache_follet lait	['jingles', 'grecs', 'follet lait vache', 'follet lait', 'feu follet lait', 'larmes', 'revivre moments', 'fiancé', 'divorce', 'caresses']
256	17	256_burrow_comité_brandshaft_bradwell	['burrow', 'comité', 'brandshaft', 'bradwell', 'stochastique', 'avocat', 'faculté', 'abolitionnistes', 'procès', 'whitson']
257	17	257_lainie_spalding_atchinson_lainie yeux	['lainie', 'spalding', 'atchinson', 'lainie yeux', 'hilliker', 'mariage', 'mère', 'lainie regardait', 'glaciale', 'radley']
258	17	258_sandwich_verdhuren_michèle_raybaud	['sandwich', 'verdhuren', 'michèle', 'raybaud', 'wexford', 'crapule', 'mantoff', 'laviolette', 'ennemie numéro', 'novacek']
259	17	259_maestro_goussault_palachek_manenkov	['maestro', 'goussault', 'palachek', 'manenkov', 'goulade', 'hervé', 'trentin', 'mugnier', 'pâtissier', 'dancourt']
260	17	260_achron_argyropoulos_chauve_corson	['achron', 'argyropoulos', 'chauve', 'corson', 'assommait', 'foran', 'zôl', 'errull', 'zôls', 'guerres']
261	17	261_fortineau_romanov_méry_chanfond	['fortineau', 'romanov', 'méry', 'chanfond', 'brochette', 'stéphanie', 'keraij', 'rené', 'rodes', 'chanfond voix']
262	17	262_leguennec_vandoosler_beautés_jov	['leguennec', 'vandoosler', 'beautés', 'jov', 'enfer', 'créateur', 'sexe', 'hervé', 'tripatouiller', 'bretelle fusil']
263	17	263_piscine_geddes_beach_eau	['piscine', 'geddes', 'beach', 'eau', 'eivor', 'edmonds', 'sosso', 'ruiner santé', 'göran', 'fantin']
264	16	264_fantômes_fantôme_kalle_seyroles	['fantômes', 'fantôme', 'kalle', 'seyroles', 'airelles', 'cléo', 'léna', 'bérénice', 'vangeli', 'délia']
265	16	265_carvil_grande terre_vextase_djemine	['carvil', 'grande terre', 'vextase', 'djemine', 'pirates', 'île', 'pointus', 'véra', 'soldats japonais', 'soldats']
266	16	266_daym_aimline_seel_histrion	['daym', 'aimline', 'seel', 'histrion', 'confed', 'parthène', 'ezaelle', 'ssecem', 'aimlin', 'ramane']
267	16	267_cromwell_homett_hornett_gouverneur	['cromwell', 'homett', 'hornett', 'gouverneur', 'sucre orge', 'androbots', 'farfalou', 'photoïde', 'orge', 'momie']
268	16	268_viaduc_valjean_gare_périphérique	['viaduc', 'valjean', 'gare', 'périphérique', 'quartier', 'gerfaut', 'rue', 'sarazat', 'circulation', 'jov']
269	16	269_joëlle_régis_magnani_monter barque	['joëlle', 'régis', 'magnani', 'monter barque', 'moxo', 'raybaud', 'cantor', 'veux', 'combat zone', 'demandé pouvais']
270	16	270_garrison_hmm hmm_hmm_mariage	['garrison', 'hmm hmm', 'hmm', 'mariage', 'vraiment cas', 'sentit', 'croyez insista', 'prie', 'chérie', 'désolé arrivé']
271	16	271_kalle_göran_saucisson_léna	['kalle', 'göran', 'saucisson', 'léna', 'plan kalle', 'trésor', 'göran vestberg', 'vestberg', 'mellors', 'supposons']
272	16	272_flocon_désincorporation_hawthorne_vieille	['flocon', 'désincorporation', 'hawthorne', 'vieille', 'pension', 'conteur', 'rachat', 'adébenn', 'penn adébenn', 'dégoût yeux']
273	16	273_édouard_cédric_arche_crainte mêlée	['édouard', 'cédric', 'arche', 'crainte mêlée', 'maison autriche', 'noé', 'consigne', 'sorte crainte', 'mordécaï', 'autriche']
274	16	274_librairie champs_librairie_librairie champs élysées_adaptation représentation	['librairie champs', 'librairie', 'librairie champs élysées', 'adaptation représentation', 'adaptation représentation réservés', 'reproduction adaptation représentation', 'représentation réservés', 'contrôle cas', 'livre souffre', 'volumes collection']
275	16	275_veau petits_veau petits pois_kirsch_procacci	['veau petits', 'veau petits pois', 'kirsch', 'procacci', 'café', 'arrachais', 'mme procacci', 'tss', 'retire doucement', 'flacon kirsch']
276	16	276_police_jurgensen_combat_creyenna	['police', 'jurgensen', 'combat', 'creyenna', 'colombaud', 'flic', 'timovie', 'lvt', 'illégale', 'brandshaft']
277	16	277_émilie_photo_photos_skinner	['émilie', 'photo', 'photos', 'skinner', 'oncle', 'plankaert', 'bayview', 'quince quince', 'pain epice', 'epice']
278	16	278_lauzerte_hélix_irène_mé	['lauzerte', 'hélix', 'irène', 'mé', 'geneviève', 'azaïs', 'pirouettes', 'rené', 'pérouse', 'essex street']
279	16	279_gardella_scandura_thurston_roselli	['gardella', 'scandura', 'thurston', 'roselli', 'lança', 'lança gardella', 'taire fit', 'gardella faut', 'regard gardella', 'regard']
280	16	280_cow_fayolle_vache_porc	['cow', 'fayolle', 'vache', 'porc', 'cuirassier', 'pacotte', 'isel', 'moss', 'gogleth', 'dis']
281	16	281_phallocrates_timbres_jérémie_annonces	['phallocrates', 'timbres', 'jérémie', 'annonces', 'ans', 'abstenir', 'cave', 'timbres poste', 'maturité', 'bretonne']
282	16	282_masters_broehm_mittend_masters père	['masters', 'broehm', 'mittend', 'masters père', 'malevic', 'utgers', 'ints', 'glencairn', 'obdan', 'masters trouve']
283	16	283_avé_miramar_consul_dessert	['avé', 'miramar', 'consul', 'dessert', 'marmite soupe', 'chocolat', 'soupe', 'tipi', 'casserole', 'fête']
284	16	284_yudel_amnésie_bande_tricheurs	['yudel', 'amnésie', 'bande', 'tricheurs', 'créativité', 'chocolaté', 'tricheuses', 'profils', 'oa', 'gaws']
285	16	285_ruche_ruches_majats_kethiuy	['ruche', 'ruches', 'majats', 'kethiuy', 'guerriers', 'raen', 'bohrt', 'kontrin', 'ouvrier', 'faux bourdons']
286	16	286_nilssen_moustier_michèle_villojane	['nilssen', 'moustier', 'michèle', 'villojane', 'belfand', 'garron', 'gingivite', 'andré', 'cuzco', 'ambassade']
287	16	287_phœnix_geeking_calder_éditions phœnix	['phœnix', 'geeking', 'calder', 'éditions phœnix', 'laouedj', 'tests', 'entrepreneurs', 'secrétaire présidente', 'directeur adjoint', 'éditions']
288	16	288_bernstein_ondes cérébrales_cérébrales_weller	['bernstein', 'ondes cérébrales', 'cérébrales', 'weller', 'steinhardt', 'ondes', 'zeltveg', 'lecteur ondes cérébrales', 'lecteur ondes', 'fléau']
289	15	289_vorst_souvenirs_déconditionnement méditatif_déconditionnement	['vorst', 'souvenirs', 'déconditionnement méditatif', 'déconditionnement', 'méditatif', 'film', 'mésange', 'veux composer', 'closter', 'rencontrée semaine']
290	15	290_eléna_estafette_delman_âge	['eléna', 'estafette', 'delman', 'âge', 'apercevras', 'mélina', 'manosque', 'oncle écrit', 'drôlement raison', 'machinos']
291	15	291_baldridge_collège_pleurer fatigue_manqué chose	['baldridge', 'collège', 'pleurer fatigue', 'manqué chose', 'réunir affaires', '42 crew', 'crew', 'singerie', 'mère', '42']
292	15	292_verlac_mugnier_avocat général_léoni	['verlac', 'mugnier', 'avocat général', 'léoni', 'jurés', 'wotan', 'exbrayat', 'paolucci', 'avocat', 'zôl']
293	15	293_léonard_cass_beyle_voiture	['léonard', 'cass', 'beyle', 'voiture', 'lilienborn', 'yamanote', 'colle', 'chambers', 'chef chef', 'xiv']
294	15	294_tokyo_twern_horc_djalaluddin	['tokyo', 'twern', 'horc', 'djalaluddin', 'togaïl', 'helvin', 'treuffais', 'claymore', 'twern veux', 'merbok']
295	15	295_smiley_comité_rawley_conseil	['smiley', 'comité', 'rawley', 'conseil', 'banachek', 'corporate', 'copropriété', 'sharts', 'bricoleur', 'diagrammes']
296	15	296_survivants_manenkov_gaël_ludvîk	['survivants', 'manenkov', 'gaël', 'ludvîk', 'mme dawkins', 'jeanmaire', '575', 'recensée', 'ambition', 'sexomorphe']
297	15	297_gauchet_sern_dangeolet_bureau	['gauchet', 'sern', 'dangeolet', 'bureau', 'provincial', 'bauchet', 'sernine', 'souffries', 'documents', 'sern gauchet']
298	15	298_monkey_singe_godall_ziggy	['monkey', 'singe', 'godall', 'ziggy', 'dr zujaran', 'zujaran', 'singes', 'scuffles', 'casaubon', 'aw']
299	15	299_gueule poisson pané_poisson pané_gueule poisson_pané	['gueule poisson pané', 'poisson pané', 'gueule poisson', 'pané', 'fermeture éclair', 'couille molle', 'couille', 'flingue', 'spaulding', 'moinillon']
300	15	300_red_noirs_blancs_viêt	['red', 'noirs', 'blancs', 'viêt', 'ballard', 'noir', 'broederbond', 'blancs noirs', 'délégué', 'apartheid']
301	15	301_émile_viard_tozzi_tchad	['émile', 'viard', 'tozzi', 'tchad', 'rouvre', 'stratton', 'missouri', 'mme rouvre', 'liverion', 'restez responsable']
302	15	302_alcool_nécrozones_eichbrunn_sébastien	['alcool', 'nécrozones', 'eichbrunn', 'sébastien', 'jeb', 'commandant', 'faisait éloge', '8e escadrille', 'rajouter', 'adénosyne']
303	15	303_lupin_lanyon_sarazat_lampe	['lupin', 'lanyon', 'sarazat', 'lampe', 'chef informations', 'électricien', 'lightyears', 'téléviseurs', 'sébastien', 'mauser']
304	15	304_oc_zwickau_quim_fileclerk	['oc', 'zwickau', 'quim', 'fileclerk', 'schlomo', 'sotte', 'xvi siècle', 'connotation', 'péjoratif', 'saillir']
305	14	305_bégard_bonnot_rivet_gerfaut	['bégard', 'bonnot', 'rivet', 'gerfaut', 'fameux chèque', 'rupture gabrièle', 'trécesson', 'gabrièle', 'directeur production', 'association malfaiteurs']
306	14	306_tortue_ombres_torrent_murmura	['tortue', 'ombres', 'torrent', 'murmura', 'plaid', 'tartine beurre cacahuète', 'pente devint raide', 'devint raide', 'chiot', 'tartine']
307	14	307_jarid_kingkrab_yasimin_wadaïmo	['jarid', 'kingkrab', 'yasimin', 'wadaïmo', 'isalko', 'netan isalko', 'netan', 'semeru', 'esquif', 'jarreau']
308	14	308_crimes_meurtre_planteguerre_rochembert	['crimes', 'meurtre', 'planteguerre', 'rochembert', 'meurtres', 'criminel', 'rampez', 'meurtrier', 'crime', 'quim']
309	14	309_patillot_bylol_haas_brevets	['patillot', 'bylol', 'haas', 'brevets', 'tidal', 'laney', 'nymphettes', 'western', 'corporation', 'tarte citron']
310	14	310_évelyne_pistodard_labrador_88	['évelyne', 'pistodard', 'labrador', '88', 'transmat labrador', 'mis défi', 'transmat', 'krug', 'ordinateur', 'jours']
311	14	311_bovey_relivaux_mme graver_policier	['bovey', 'relivaux', 'mme graver', 'policier', 'ennuis', 'carte venait', 'police', 'graver', 'chiens', 'service ordre']
312	14	312_pecola_standish_creevy_genoa	['pecola', 'standish', 'creevy', 'genoa', 'bébés', 'finch', 'trappe descendit', 'endroit habiter', 'mercière', 'orlo']
313	14	313_vauquer_clément_sécateur_bufo	['vauquer', 'clément', 'sécateur', 'bufo', 'cimetière montparnasse', 'aimais gosse', 'kaputhala', 'ponceuse', 'cimetière', 'lherbier']
314	14	314_abdiquai_cornouailles_père_mère	['abdiquai', 'cornouailles', 'père', 'mère', 'femme camarade', 'rivelli', 'embrassé femme', 'attachée cou', 'fitzhoward', 'iseut']
315	14	315_quade_jumeaux_frère sœur_thayer	['quade', 'jumeaux', 'frère sœur', 'thayer', 'frère', 'gémellité', 'sœur', 'quade père', 'enquêtes génétiques', 'rouquines']
316	14	316_korwal_skiath_rassemblement_grid	['korwal', 'skiath', 'rassemblement', 'grid', 'khô', 'mælbach', 'demné', 'substance', 'böhninger', 'sleg']
317	14	317_fintan_meroë_cready_maillot	['fintan', 'meroë', 'cready', 'maillot', 'haie', 'gâteux', 'fossette', 'fleuve', 'maillot mort', 'dents']
318	14	318_xemahoa_piggies_docteur burmeister_burmeister	['xemahoa', 'piggies', 'docteur burmeister', 'burmeister', 'lidla', 'poupée', 'séjour', 'overdose', 'mal commencer', 'fibre maternelle']
319	14	319_voiture_vieille sheckley_sheckley_hôpital	['voiture', 'vieille sheckley', 'sheckley', 'hôpital', 'brumath', 'moorcock', 'tryon', 'renée', 'voitures', 'cambridge']
320	14	320_courcy_numéro_numéro numéro_haymann	['courcy', 'numéro', 'numéro numéro', 'haymann', 'os', 'jaguar', 'voies', 'drancy', 'fabricants', 'parallèle gauche']
321	14	321_kimble_tomne_jolis vêtements_séduisante	['kimble', 'tomne', 'jolis vêtements', 'séduisante', 'embrasser', 'songea', 'robe', 'aimait', 'vêtements', 'sensationnelle']
322	14	322_géorgie_théo_thornbike_mlle thornbike	['géorgie', 'théo', 'thornbike', 'mlle thornbike', 'danser', 'montagnes vertes', 'inviter', 'article', 'falls', 'euphémisme']
323	14	323_horner_brigadier_bureau_coffre	['horner', 'brigadier', 'bureau', 'coffre', 'taël', 'grégoire', 'ronsac', 'newcastle', 'lumière suppose', 'commissaire jessling']
324	14	324_carrier_selmer_tomek_os seiche	['carrier', 'selmer', 'tomek', 'os seiche', 'fender', 'seiche', 'jonis', 'orchestre', 'weller', 'rossinante']
325	14	325_édit_huguenots_ronsard_médicis	['édit', 'huguenots', 'ronsard', 'médicis', 'royaume', 'françois', 'charry', 'réformés', 'châtel', 'cour']
326	14	326_avion_pilote_orloff_selmer	['avion', 'pilote', 'orloff', 'selmer', 'singapour', 'nielsen', 'appareil', 'whitewell', 'dearborne', 'piste']
327	14	327_massom_ulm_ferrières_glucken	['massom', 'ulm', 'ferrières', 'glucken', 'costermann', 'higenroth', 'révérend dinsmore', 'jov', 'chabrand', 'obscurantisme']
328	14	328_hastur_montray_terriens_hartani	['hastur', 'montray', 'terriens', 'hartani', 'comyn', 'tenebrosa', 'langue', 'langage', 'beckers', 'thendara']
329	14	329_datsun_1995_pain maïs_marocain	['datsun', '1995', 'pain maïs', 'marocain', 'docteur stahlmann', 'stahlmann', 'permissif', 'nebbi', 'table couche', 'couche']
330	14	330_blues_musique_alladale_clarinette	['blues', 'musique', 'alladale', 'clarinette', 'jouait', 'haguenier', 'chanson', 'sex pistols', 'pistols', 'trompette']
331	14	331_jago_thackeray_cribb_orlo	['jago', 'thackeray', 'cribb', 'orlo', 'suchman', 'radstock', 'chanfond', 'remettent', 'commanditaire', 'cabriolet']
332	13	332_pélagie_abassa_11 heures_sourate	['pélagie', 'abassa', '11 heures', 'sourate', 'baltimore', 'bishop', 'baltimore baltimore', '11', 'inspecteur académie', 'joué joué']
333	13	333_keraij_yor_keraïni_kerai	['keraij', 'yor', 'keraïni', 'kerai', 'sehin', 'uruan', 'féhimi', 'kaerdug', 'mâles', 'sélection']
334	13	334_transformationalisme_weller_steinhardt_pissaro	['transformationalisme', 'weller', 'steinhardt', 'pissaro', 'adhérents', 'scénario', 'longs métrages', 'mouvement', 'transformation', 'métrages']
335	13	335_hervé_angleterre_françoise_hermely	['hervé', 'angleterre', 'françoise', 'hermely', 'gustou', 'bretagne', 'syd', 'cormier', 'lucrèce', 'général']
336	13	336_biddell_poulton_chesterton_chênaie	['biddell', 'poulton', 'chesterton', 'chênaie', 'mme poulton', 'rovnie', 'disputée père', 'détournant conversation', 'tipton', 'fit']
337	13	337_bledd_chapeau_candidat_moïse	['bledd', 'chapeau', 'candidat', 'moïse', 'serpendeau', 'curedent', 'josephson', 'clown', 'tübingen', 'plankaert']
338	13	338_montreux_colleys_géronimo_voiture	['montreux', 'colleys', 'géronimo', 'voiture', 'androïde', 'montana', 'camion', 'route', 'mettre automatique', 'triss']
339	13	339_hot springs_snow_springs_magasin souvenirs	['hot springs', 'snow', 'springs', 'magasin souvenirs', 'mme snow', 'hot', 'patronne', 'rochebrune', 'tulley', 'dennison']
340	13	340_piggot_betts_broadwaters_alderton	['piggot', 'betts', 'broadwaters', 'alderton', 'manson', 'kenway', 'piggot betts', 'cambriolage', 'mort betts', 'betts piggot']
341	13	341_spinelli_mellors_trésor_führer	['spinelli', 'mellors', 'trésor', 'führer', 'contemple', 'spinelli regarde', 'conseil administration', 'lève mains', 'reprend', 'vieilles connaissances']
342	13	342_fouldroule_portières_usine_caisses	['fouldroule', 'portières', 'usine', 'caisses', 'pincée poussière', 'pris ligne', 'régulier gouttes', 'soudure', 'casque', 'grises']
343	13	343_tileman_bitchy_courcy_médée	['tileman', 'bitchy', 'courcy', 'médée', 'dr tileman', 'voulez', 'demanda bitchy', 'répondit bitchy', 'angleterre', 'air terrorisé']
344	13	344_fêlure_coup foudre_gimlet_foudre	['fêlure', 'coup foudre', 'gimlet', 'foudre', 'larbins', 'décidé coopérer', 'grandes mains chaudes', 'cheville', 'nabote', 'lupin']
345	13	345_amazones_jerana_amazones libres_jalak	['amazones', 'jerana', 'amazones libres', 'jalak', 'lorill', 'femmes', 'cousine', 'libres', 'chaînes', 'comyn']
346	13	346_garnel_pradon_lle deroze_tache	['garnel', 'pradon', 'lle deroze', 'tache', 'moniteurs', 'deroze', 'profitendieu', 'proposition', 'lle', 'piove']
347	13	347_eristan_pfui_sociétés_silverson	['eristan', 'pfui', 'sociétés', 'silverson', 'développement', 'santarém', 'milliards', 'sciavoni', 'civilisation', 'usines']
348	13	348_quince_téléphone_pengo_eggers	['quince', 'téléphone', 'pengo', 'eggers', 'dr', 'dr téléphoné', 'téléphones publics', 'prévenons', 'zander', 'affaire pohl']
349	13	349_harker_tête tourne_corson_jour cessa	['harker', 'tête tourne', 'corson', 'jour cessa', 'chantage', 'cécile', 'niss', 'cury', 'steiner', 'gonflé']
350	13	350_goudes_fonfrin_strasbourg_lanyon	['goudes', 'fonfrin', 'strasbourg', 'lanyon', 'escobille', 'damm', 'ombre image', 'têtes moineau', 'marché noir', 'lherbier']
351	13	351_kernik_œuf bleu_villageois_hipprone	['kernik', 'œuf bleu', 'villageois', 'hipprone', 'bufo', 'œuf', 'corson', 'âalkâ kâa', 'kâ âalkâ', 'âalkâ']
352	13	352_alginate_pâte_goossens_chef laboratoire	['alginate', 'pâte', 'goossens', 'chef laboratoire', 'outil', 'rats', 'catalyseur', 'marteau', 'modèle', 'flexibles']
353	13	353_quade_editions_editions cauldron_cauldron	['quade', 'editions', 'editions cauldron', 'cauldron', 'boland', 'knudsen', 'docteur boland', 'snow', 'numéro', 'chantier']
354	13	354_bocager_sel_garçons_noms garçons	['bocager', 'sel', 'garçons', 'noms garçons', 'dépôt armes', 'copeau', 'ombres', 'faut attaquer', 'oiseaux', 'briancourt']
355	13	355_cantor_adichka_divisionnaire_divisionnaire coudrier	['cantor', 'adichka', 'divisionnaire', 'divisionnaire coudrier', 'bénédicte', 'musique', 'coudrier', 'crapauds', 'colique', 'cornets']
356	12	356_daily_welby_monkey_justiciers	['daily', 'welby', 'monkey', 'justiciers', 'daily mégaphone', 'mégaphone', 'thory', 'presse', 'conditionnel', 'journalistes']
357	12	357_cassiân_yrvène_sélèn_még	['cassiân', 'yrvène', 'sélèn', 'még', 'édouard', 'loumka', 'burr', 'écailles', 'suttondale', 'argyre']
358	12	358_mélissa_syndrome tascoli_tascoli_syndrome	['mélissa', 'syndrome tascoli', 'tascoli', 'syndrome', 'country club', 'country', 'nièce', 'aperçue', 'stark', 'subaru']
359	12	359_fintan_maou_fleuve_onitsha	['fintan', 'maou', 'fleuve', 'onitsha', 'omerun', 'marima', 'maou fintan', 'pikni', 'rodes', 'pont']
360	12	360_harker_bleu limpide_patchett_limpide	['harker', 'bleu limpide', 'patchett', 'limpide', 'mendiant', 'sutter', 'step', 'harker voix', 'aigle', 'galactique']
361	12	361_diaspad_ratz_bugul_lherbier	['diaspad', 'ratz', 'bugul', 'lherbier', 'gaohn', 'pistolet', 'verrière', 'gage ratz', 'questions poser questions', 'scrutateur']
362	12	362_cordobân_sandwich jambon_lingard_gérald	['cordobân', 'sandwich jambon', 'lingard', 'gérald', 'shérif', 'gotobed', 'jambon', 'mercredi 27', 'vois mensonge', 'gedge']
363	12	363_félix_borg_gabey_ducreux	['félix', 'borg', 'gabey', 'ducreux', 'gérou', 'mutants', 'scientifiques', 'collègues', 'génétique', 'touche noire']
364	12	364_beegan_vidame_showbiz_chauffard	['beegan', 'vidame', 'showbiz', 'chauffard', 'hissune', 'tué beegan', 'bullourde', 'impasse bullourde', 'poèmes', 'deeds']
365	12	365_vados_guerrero_mendoza_cortès	['vados', 'guerrero', 'mendoza', 'cortès', 'mise demeure', 'murieta', 'tiempo', 'hakluyt', 'arrio', 'sra']
366	12	366_mont vénus_vénus_palais glaces_orwell	['mont vénus', 'vénus', 'palais glaces', 'orwell', 'sérigny', 'pressa touche', 'mont', 'hais héroïne', 'trappe verrouillée', 'bout bout bout']
367	12	367_modèles_retoucheuse_moyen toucher_oddie	['modèles', 'retoucheuse', 'moyen toucher', 'oddie', 'lariboisière', 'japonais', 'keraij', 'tivali', '30', 'jérémiah']
368	12	368_carfax_appareil_babcock_42	['carfax', 'appareil', 'babcock', '42', 'sélecteur', 'modules', 'eyniqi', 'jeton', 'scalvinn', 'armoires']
369	12	369_branhaelle_muldoon_twern_djorb	['branhaelle', 'muldoon', 'twern', 'djorb', 'monseigneur', 'horcs', 'irlandais', 'elidath', 'tunigorn', 'talhael']
370	12	370_caria_voix caria_âme midinette_chérie	['caria', 'voix caria', 'âme midinette', 'chérie', 'venatici', 'caria voix', 'véritable assassin', 'automaster central', 'détournées', 'parfaitement courant']
371	12	371_murieta_beyle_soûlas_cabinet affaires	['murieta', 'beyle', 'soûlas', 'cabinet affaires', 'kgb', 'sigueiras', 'carenheim', 'abbé', 'kgb envoyé', 'yeishi']
372	12	372_murdoch_garros_frédéric_muntz	['murdoch', 'garros', 'frédéric', 'muntz', 'citibank', 'flox', 'annonceurs', 'nicaud', 'oubliez compte', 'smithtown']
373	12	373_carthy_voyagiste_bébé_mme carthy	['carthy', 'voyagiste', 'bébé', 'mme carthy', 'gaël', 'fatiguée', 'satin bleu', 'embrassais', 'manson', 'bébés']
374	12	374_hofa_42_jokari_trafic	['hofa', '42', 'jokari', 'trafic', 'ultimate', 'virus gluant', 'redlynch', 'counter', 'mutant counter', 'spectre']
375	12	375_créativité_contrariété_vorst_dessin	['créativité', 'contrariété', 'vorst', 'dessin', 'hot dogs', 'dogs', 'peintre', 'faux soldats', 'ravot', 'regain']
376	11	376_mongougeot_maîtresse titre_edmée_amédée	['mongougeot', 'maîtresse titre', 'edmée', 'amédée', 'césar', 'pompadour', 'éditions soir', 'céramiste', 'archiduc', 'ancien']
377	11	377_nexus_nicodème_hulann_shakespeare	['nexus', 'nicodème', 'hulann', 'shakespeare', 'harker', 'danybot', 'intelligence', 'bemie', 'doter', 'terrien']
378	11	378_glair_sélèn_jakt_bouc air	['glair', 'sélèn', 'jakt', 'bouc air', 'hern', 'nacelle', 'bête', 'efforts montrer', 'drone', 'cou bête']
379	11	379_starling_gard_professeur dessin_artiste	['starling', 'gard', 'professeur dessin', 'artiste', 'exposition', 'rente versée', 'merveilleuse femmes', 'loupe', 'imperméable marron', 'mène']
380	11	380_corson_hipprone_aergistal_monstre	['corson', 'hipprone', 'aergistal', 'monstre', 'ngal nda', 'ngal', 'nda', 'planète mausolée', 'prone', 'collier']
381	11	381_michaelson_jenkins_lefleur_nims	['michaelson', 'jenkins', 'lefleur', 'nims', 'nims nims', 'affaires scientifiques', 'garrison', 'chef équipe', 'diplôme', 'services sociaux']
382	11	382_abbé_bernerie_payable_pompadour	['abbé', 'bernerie', 'payable', 'pompadour', 'ventôse', 'daraïn', 'maurras', 'glazer', 'dépêche', '000']
383	11	383_mourier_beckett_hamway_lauderdale	['mourier', 'beckett', 'hamway', 'lauderdale', 'lenormand', 'flics lauderdale', 'tueur dépeceur', 'wexford', 'dépeceur', 'puissance infinie']
384	11	384_principale actionnaire_marks_penser dis_winterland	['principale actionnaire', 'marks', 'penser dis', 'winterland', 'fourchette', 'baiser', 'actionnaire', 'sidérée', 'rescousse', 'éclata rire']
385	11	385_nuit pis_pluie battait vitres_porte entrée lorsqu_battait vitres	['nuit pis', 'pluie battait vitres', 'porte entrée lorsqu', 'battait vitres', 'chargé senteurs', 'entrée lorsqu', 'pluie battait', 'postière', 'frisson glacé parcourut', 'glacé parcourut']
386	11	386_simulatron_amnésie_pohl_rêves	['simulatron', 'amnésie', 'pohl', 'rêves', 'soucieux', 'armitage', 'mémoire', 'recherches', 'arrivée hier', 'souvenirs']
387	11	387_léoni_tardiveau_aubertet_mugnier	['léoni', 'tardiveau', 'aubertet', 'mugnier', 'boucheseiche', 'gourel', 'rageblanc', 'cuttoli', 'crémière', 'fajon']
388	11	388_picasso_doigts gourds_pluie_réfectoire	['picasso', 'doigts gourds', 'pluie', 'réfectoire', 'gourds', 'maîtresse époque', 'soucis soucis', 'chaussures propres', 'tores', 'vent tourné']
389	11	389_sœur_carista_cousin_cousin dunkam	['sœur', 'carista', 'cousin', 'cousin dunkam', 'tante', 'bague', 'tante père', 'enquêteurs privés', 'genre discussion', 'cashmere']
390	11	390_posador_arquebuse_bejardy_baisée	['posador', 'arquebuse', 'bejardy', 'baisée', 'appelait geneviève', 'habité quartier', 'quartier', 'dû retenir', 'geneviève', 'couture']
391	11	391_crumbs_bross_signore gambini_gambini	['crumbs', 'bross', 'signore gambini', 'gambini', 'chocolaté', 'puppy', 'signore', 'chocolaté mulligan', 'décorateur', 'mulligan']
392	11	392_sorcières_aiment_flirter_provocant	['sorcières', 'aiment', 'flirter', 'provocant', 'sourire', 'lendemain soir', 'hésitez', 'savais', 'désolée', 'regrette']
393	11	393_ravot_fourrures_atelier_gués	['ravot', 'fourrures', 'atelier', 'gués', 'coqs', 'doutes doutes', 'badineau', 'atelier ravot', 'trash', 'aubel']
394	11	394_brunebroucke_renée_helvin_loussa	['brunebroucke', 'renée', 'helvin', 'loussa', 'chanson', 'babylone', 'demanda case', 'case', 'brenàn', 'cube']
395	11	395_peintre_boîte_atelier_mère	['peintre', 'boîte', 'atelier', 'mère', 'boîte neuve', 'hirondelle', 'dessiner', 'devais', 'peindre', 'sentais']
396	11	396_windspear_hodge_hurricane bluff_hurricane	['windspear', 'hodge', 'hurricane bluff', 'hurricane', 'pourtant', 'chérie', 'déjà retard', 'extorquer', 'racheté', 'amandes']
397	11	397_firestone_grotte_persval_flambeau	['firestone', 'grotte', 'persval', 'flambeau', 'caverne', 'flics', 'harker', 'corniche', 'djunguzz', 'achron']
398	11	398_cready_alley_skinner_nabab	['cready', 'alley', 'skinner', 'nabab', 'tigre', 'mcgowan', 'braunen corp', 'braunen', 'œuvres charité', 'corp']
399	10	399_beckett_stoner_beckett senior_senior	['beckett', 'stoner', 'beckett senior', 'senior', 'haymann', 'hamway', 'baroody', 'corporate', 'histoire beckett', 'lherbier']
400	10	400_cilima_ribeauvillé_garçon_langlais	['cilima', 'ribeauvillé', 'garçon', 'langlais', 'décrochage', 'skinner', 'sammel', 'normaliens', 'perlouze', 'effaçoir']
401	10	401_feldman_ans signifiait_papier absorbant_faut constituer	['feldman', 'ans signifiait', 'papier absorbant', 'faut constituer', 'capitaine port', 'répond', 'constituer dossier', 'bonblanc', 'régnerait', 'petits jeunes']
402	10	402_brubaker_michèle_dors_raser jambes	['brubaker', 'michèle', 'dors', 'raser jambes', 'descends', 'heineken', 'daumier', 'air coup', 'raser', 'godillots']
403	10	403_soldat_stéphan_armée_step	['soldat', 'stéphan', 'armée', 'step', 'insigne', 'lieutenant', 'voir note', 'flamme réchaud', 'tire bouffée', 'démissionnez']
404	10	404_bradmer_sable_plage_aventurent	['bradmer', 'sable', 'plage', 'aventurent', 'vagues', 'capitaine bradmer', 'barils', 'nuits', 'habits', 'coprah']
405	10	405_wexford_ceresola_burden_rushworth	['wexford', 'ceresola', 'burden', 'rushworth', 'nollet', 'blindé', 'copeau', 'dover', 'rails', 'street']
406	10	406_hennegan_yudel_dîner_touristes moyens	['hennegan', 'yudel', 'dîner', 'touristes moyens', 'maxicorp', 'gomina', 'prit assiette', 'cuisine', 'bemie', 'œilleton']
407	10	407_keif_disquette_norsworthy_rire	['keif', 'disquette', 'norsworthy', 'rire', 'bigeard', 'monkey', 'végète', 'aimline', 'foule retourne', 'weller']
408	10	408_mugnier_siboni_amérique_loin amérique	['mugnier', 'siboni', 'amérique', 'loin amérique', 'léoni porte', 'fouille dossier', 'amérique loin', 'socialos', 'picabia', 'pieds trottoir']
409	10	409_swwfw_gratinée_décati_rémy	['swwfw', 'gratinée', 'décati', 'rémy', 'valleroy', 'aimline', 'keîsey', 'klyd', 'médiateur', 'oligarche']
410	10	410_comète_brionne_quéré_seigneur	['comète', 'brionne', 'quéré', 'seigneur', 'charge écuyer', 'comète comète', 'délassement', 'khym', 'compagnonnage', 'isambour']
411	10	411_shaquille_poisons_phébé_aggloméréville	['shaquille', 'poisons', 'phébé', 'aggloméréville', 'soupe', 'anédrine', 'laney', 'bix', 'prescrivent', 'bix phébé']
412	10	412_frédi_cortexine_frédi frédi_directives	['frédi', 'cortexine', 'frédi frédi', 'directives', 'tzu', 'cellules', 'descolada', 'balles réelles', 'enlèverons', 'normaliser']
413	10	413_glair_toledo_tileman_hemming	['glair', 'toledo', 'tileman', 'hemming', 'dr tileman', 'michèle', 'lapointe', 'michèle veux', 'vieilles dames', 'frères mémoire']
414	10	414_valleroy_zeor_médiateur_klyd	['valleroy', 'zeor', 'médiateur', 'klyd', 'denrau', 'donneur', 'léopoldine', 'latéraux', 'gallaugher', 'kriebel']
415	10	415_furet_mère abandonnée_furet fronça_chaleur bouche	['furet', 'mère abandonnée', 'furet fronça', 'chaleur bouche', 'enfants ans', 'orchidée', 'chemise nuit', 'femme inspira profondément', 'femme', 'femme inspira']
416	10	416_hervé_françoise_andigné_cadoudal	['hervé', 'françoise', 'andigné', 'cadoudal', 'chouans', 'grisolles', 'hozier', 'rouen', 'royalistes', 'charrettes']
417	10	417_seigneur gueux_gueux_isambour_vavasseur	['seigneur gueux', 'gueux', 'isambour', 'vavasseur', 'seigneur gueux antimus', 'gueux antimus', 'antimus', 'seigneur', 'ministre duroy', 'djent']
418	10	418_turcotte_lescadre_commodités_sernine	['turcotte', 'lescadre', 'commodités', 'sernine', 'skiath', 'sieur eugène', 'fraya chemin', 'inspecteur suivit', 'reprit bernold', 'port']
419	10	419_boaras_meymuna_rêve_abassa	['boaras', 'meymuna', 'rêve', 'abassa', 'enveloppée manteau noir', 'calife', 'taël regardèrent', 'rouler rouler', 'rêve rêve', 'hommes patrouille']
420	10	420_sodomite_swede_demandions_directeur adjoint	['sodomite', 'swede', 'demandions', 'directeur adjoint', 'intolérance', 'demain demain', 'adjoint banque county', 'directeur adjoint banque', 'adjoint banque', 'banque county']
421	10	421_terrain_manganèse_bluff_hood	['terrain', 'manganèse', 'bluff', 'hood', 'diable terrain', 'question terrain', 'camionnette', 'sluefoot', 'porte parapluies', 'tut tut']
422	10	422_profitendieu_massé_molinier_tombait malade	['profitendieu', 'massé', 'molinier', 'tombait malade', 'joëlle', 'billots', 'mme cochart', 'cochart', 'hulotte', 'suggère']
423	10	423_maigret_saltram_saltram lodge_fenn	['maigret', 'saltram', 'saltram lodge', 'fenn', 'lodge', 'burden', 'lapointe', 'incendiaire', 'demande écoute', 'entrée musée']
424	10	424_saucisse_bricoleur_mulé_faucon glace	['saucisse', 'bricoleur', 'mulé', 'faucon glace', 'duralumin', 'chaussons course', 'fit mulé', 'nuage', 'troupeau', 'bronco']
425	10	425_ruthery_abassa_grivel_cadavres	['ruthery', 'abassa', 'grivel', 'cadavres', 'roches brûlantes', 'camp ennemi', 'joiry', 'cratères', 'noémi', 'turcs']
426	10	426_finch_caravane_inspecteur_pont	['finch', 'caravane', 'inspecteur', 'pont', 'bingham', 'macey', 'demanda finch', 'raccompagner', 'finch yeux', 'finch fit']
